{"READ/Train/0/loss":0.26978346705436707,"READ/Val/0/ZEN48/r2_score_q3":0.007799297571182251,"READ/Val/1/ZEN40/pearson_std":0.12446536123752594,"READ/Val/0/ZEN48/l2_error_q2":0.1750752478837967,"_timestamp":1.7604305005295396e+09,"READ/Val/1/ZEN36/pearson_mean":0.28254303336143494,"READ/Train/1/loss":0.1663653701543808,"READ/Val/0/ZEN48/pearson_std":0.216787651181221,"READ/Val/1/ZEN40/r2_score_q3":-0.0365089476108551,"READ/Val/1/ZEN40/l2_error_q2":0.2493613362312317,"READ/Val/0/ZEN49/pearson_std":0.2197936773300171,"READ/Val/0/all/r2_score_q3":0.002774745225906372,"READ/Val/1/ZEN36/r2_score_q1":-0.3913416266441345,"READ/Val/1/ZEN36/pearson_std":0.14985769987106323,"READ/Val/1/ZEN40/pearson_mean":0.16387127339839935,"READ/Val/0/ZEN48/l2_error_q1":0.12056859396398067,"READ/Val/0/all/l2_error_q3":0.28977636992931366,"READ/Val/0/all/r2_score_q2":-0.049859583377838135,"READ/Val/1/all/pearson_std":0.10469288378953934,"READ/Val/0/ZEN49/r2_score_q3":0.022157952189445496,"READ/Val/1/all/l2_error_q2":0.3510824143886566,"READ/Val/0/all/pearson_std":0.21685399115085602,"READ/Val/1/all/l2_error_q3":0.5112850368022919,"READ/Val/0/ZEN49/pearson_mean":0.2649652361869812,"READ/Val/0/ZEN48/pearson_mean":0.2638743221759796,"READ/Val/1/ZEN40/l2_error_q3":0.3777979463338852,"READ/Val/1/all/r2_score_q1":-0.3344326615333557,"READ/Val/0/all/l2_error_q2":0.1823461502790451,"READ/Val/1/all/l2_error_q1":0.2064954712986946,"READ/Val/1/ZEN40/r2_score_q1":-0.3552824556827545,"READ/Val/0/all/r2_score_q1":-0.1787891685962677,"READ/Val/0/ZEN48/r2_score_q2":-0.05350685119628906,"READ/Val/0/ZEN49/l2_error_q2":0.186127707362175,"READ/Val/0/ZEN48/l2_error_q3":0.2828776240348816,"READ/Val/0/ZEN49/r2_score_q2":-0.048200249671936035,"READ/Val/0/ZEN49/l2_error_q3":0.30780358612537384,"READ/Val/0/ZEN49/l2_error_q1":0.120970094576478,"READ/Val/1/ZEN40/l2_error_q1":0.17194027826189995,"READ/Val/1/ZEN36/l2_error_q3":0.7085037380456924,"READ/Val/0/all/l2_error_q1":0.12105013430118561,"READ/Val/1/all/pearson_mean":0.14446638524532318,"READ/Val/1/ZEN36/r2_score_q2":-0.13263767957687378,"READ/Val/1/all/r2_score_q3":-0.05125230550765991,"_wandb":{"runtime":975},"READ/Val/0/ZEN49/r2_score_q1":-0.14778044819831848,"READ/Val/1/all/r2_score_q2":-0.1571866273880005,"READ/Val/1/ZEN36/r2_score_q3":0.017431676387786865,"_runtime":975,"READ/Val/1/ZEN36/l2_error_q1":0.22354845330119133,"READ/Val/1/ZEN40/r2_score_q2":-0.12213212251663208,"READ/Val/0/ZEN48/r2_score_q1":-0.23485884070396423,"_step":633,"READ/Val/0/all/pearson_mean":0.26248234510421753,"READ/Val/1/ZEN36/l2_error_q2":0.39602231979370117}