{"READ/Val/0/ZEN48/l2_error_q1":0.11416385881602764,"_wandb":{"runtime":1066},"READ/Val/1/ZEN36/r2_score_q2":-0.16806954145431519,"READ/Val/0/all/r2_score_q3":0.008022144436836243,"READ/Val/0/ZEN48/l2_error_q3":0.2833165228366852,"READ/Val/1/ZEN40/l2_error_q1":0.16653112322092056,"READ/Val/1/ZEN36/pearson_std":0.1804405301809311,"READ/Val/1/ZEN40/r2_score_q1":-0.40092933177948,"READ/Val/0/ZEN49/r2_score_q1":-0.22493872046470642,"READ/Val/1/all/l2_error_q2":0.3612402081489563,"READ/Val/0/all/pearson_mean":0.26576632261276245,"READ/Val/0/all/r2_score_q1":-0.2051679790019989,"READ/Val/1/all/pearson_std":0.12522296607494354,"READ/Val/0/ZEN49/l2_error_q2":0.20059818774461746,"READ/Val/0/ZEN49/l2_error_q1":0.12967144325375557,"READ/Val/1/ZEN36/pearson_mean":0.2881089448928833,"READ/Val/0/ZEN49/l2_error_q3":0.34942351281642914,"READ/Val/0/ZEN49/r2_score_q3":-0.013481199741363525,"_runtime":1066,"READ/Val/0/ZEN48/l2_error_q2":0.18118617683649063,"READ/Val/1/all/l2_error_q1":0.19747626781463623,"READ/Val/1/all/l2_error_q3":0.5080186426639557,"READ/Val/1/all/r2_score_q3":-0.07109248638153076,"READ/Val/1/ZEN40/l2_error_q2":0.25368228554725647,"READ/Train/0/loss":1.2484972476959229,"READ/Val/0/ZEN49/r2_score_q2":-0.05901306867599487,"READ/Val/0/ZEN48/r2_score_q1":-0.17315015196800232,"READ/Val/1/ZEN36/l2_error_q2":0.4153701812028885,"READ/Val/1/ZEN36/l2_error_q1":0.2164672166109085,"READ/Val/0/ZEN48/pearson_std":0.22043022513389587,"READ/Val/1/ZEN36/l2_error_q3":0.6625678837299347,"READ/Val/1/ZEN36/r2_score_q1":-0.4381182789802551,"READ/Val/1/ZEN40/r2_score_q2":-0.18772542476654053,"READ/Val/1/ZEN40/l2_error_q3":0.36608000099658966,"READ/Val/1/ZEN40/r2_score_q3":-0.004271835088729858,"READ/Val/0/all/r2_score_q2":-0.0840880274772644,"READ/Val/0/all/l2_error_q2":0.19438238441944122,"READ/Val/0/ZEN48/r2_score_q2":-0.06587076187133789,"READ/Train/1/loss":1.12382173538208,"_step":929,"READ/Val/0/all/pearson_std":0.21826137602329254,"READ/Val/1/ZEN40/pearson_std":0.10885892808437347,"READ/Val/1/all/r2_score_q2":-0.1633998155593872,"READ/Val/0/ZEN49/pearson_mean":0.2747249901294708,"READ/Val/0/ZEN49/pearson_std":0.2170306295156479,"_timestamp":1.7604338441268811e+09,"READ/Val/1/ZEN36/r2_score_q3":0.004758089780807495,"READ/Val/0/ZEN48/r2_score_q3":0.0015817880630493164,"READ/Val/0/all/l2_error_q3":0.30092619359493256,"READ/Val/1/ZEN40/pearson_mean":0.18920627236366272,"READ/Val/0/all/l2_error_q1":0.12126399390399456,"READ/Val/0/ZEN48/pearson_mean":0.26026618480682373,"READ/Val/1/all/r2_score_q1":-0.3837539255619049,"READ/Val/1/all/pearson_mean":0.10387435555458069}