{"_timestamp":1.760429291050682e+09,"_step":9,"_wandb":{"runtime":32},"_runtime":32,"READ/Train/0/loss":0.43815287947654724}