{"READ/Val/0/ZEN48/pearson_mean":0.2629327178001404,"READ/Train/1/loss":0.34937068819999695,"_step":786,"READ/Val/1/all/pearson_mean":0.1371665745973587,"READ/Val/1/all/l2_error_q2":0.39983490109443665,"READ/Val/1/ZEN40/l2_error_q2":0.24403071403503418,"READ/Val/0/ZEN48/r2_score_q1":-0.5235258936882019,"READ/Val/1/ZEN40/pearson_mean":0.2086142599582672,"READ/Val/0/all/l2_error_q3":0.3321264833211899,"READ/Val/1/ZEN40/pearson_std":0.10290080308914185,"READ/Val/0/ZEN49/l2_error_q1":0.1481698639690876,"READ/Val/1/ZEN36/r2_score_q3":-0.3139532506465912,"READ/Val/1/ZEN40/r2_score_q1":-0.45807886123657227,"READ/Val/0/all/l2_error_q1":0.13944095745682716,"READ/Val/0/ZEN48/l2_error_q1":0.1315251849591732,"READ/Val/1/ZEN40/l2_error_q1":0.1607218198478222,"READ/Val/0/ZEN48/r2_score_q2":-0.24360978603363037,"READ/Val/0/ZEN49/l2_error_q2":0.20305130630731583,"READ/Val/0/ZEN49/l2_error_q3":0.3550623282790184,"READ/Val/0/all/r2_score_q2":-0.23927974700927734,"READ/Val/0/all/pearson_std":0.2197447270154953,"READ/Val/1/all/l2_error_q1":0.23430243507027626,"READ/Val/0/ZEN49/pearson_std":0.2226657271385193,"READ/Val/0/all/r2_score_q3":-0.048513323068618774,"READ/Val/0/all/r2_score_q1":-0.551671713590622,"READ/Val/0/all/l2_error_q2":0.19376054406166077,"READ/Val/1/ZEN40/r2_score_q2":-0.2157672643661499,"READ/Val/0/ZEN49/pearson_mean":0.26672640442848206,"_runtime":1491,"READ/Val/0/ZEN48/l2_error_q2":0.17820090055465698,"READ/Val/1/all/pearson_std":0.11161889135837555,"_timestamp":1.7604325227751093e+09,"READ/Val/0/ZEN48/r2_score_q3":-0.05194506049156189,"READ/Val/1/all/r2_score_q1":-0.6440252363681793,"READ/Val/1/ZEN36/r2_score_q2":-0.6047213673591614,"READ/Val/0/ZEN49/r2_score_q3":-0.053368955850601196,"READ/Val/1/ZEN36/l2_error_q2":0.5439550876617432,"READ/Val/1/ZEN36/l2_error_q1":0.2905227318406105,"READ/Val/0/ZEN49/r2_score_q1":-0.5696262717247009,"READ/Val/0/ZEN48/pearson_std":0.21864278614521027,"READ/Val/1/ZEN36/pearson_mean":0.29984402656555176,"READ/Val/1/all/r2_score_q3":-0.26760125160217285,"_wandb":{"runtime":1491},"READ/Val/1/all/l2_error_q3":0.5638426244258881,"READ/Val/1/all/r2_score_q2":-0.38275134563446045,"READ/Val/1/ZEN36/pearson_std":0.17061440646648407,"READ/Val/0/ZEN48/l2_error_q3":0.32512230426073074,"READ/Val/1/ZEN36/l2_error_q3":0.7955658435821533,"READ/Val/1/ZEN36/r2_score_q1":-0.8800439536571503,"READ/Val/0/ZEN49/r2_score_q2":-0.2563728094100952,"READ/Val/1/ZEN40/l2_error_q3":0.38912560045719147,"READ/Val/1/ZEN40/r2_score_q3":-0.10172393918037415,"READ/Train/0/loss":0.45672282576560974,"READ/Val/0/all/pearson_mean":0.26249009370803833}